<?xml version="1.0" encoding="utf-8"?>
<browserconfig>
  <msapplication>
    <tile>
      <square70x70logo src="http://www.ufra-schach.de/wp-content/themes/usv/img/mstile-70x70.png"/>
      <square150x150logo src="http://www.ufra-schach.de/wp-content/themes/usv/img/mstile-150x150.png"/>
      <square310x310logo src="http://www.ufra-schach.de/wp-content/themes/usv/img/mstile-310x310.png"/>
      <wide310x150logo src="http://www.ufra-schach.de/wp-content/themes/usv/img/mstile-310x150.png"/>
      <TileColor>#da532c</TileColor>
    </tile>
  </msapplication>
</browserconfig>
